{
    "FocalLoss(alpha=0.25, gamma=2.0, reduction=none)": {
        "mean": 16.449630737304688,
        "std": 2.5594959259033203
    },
    "PatchF1Score(patch_size=16, cutoff=0.5, eps=1e-10)": {
        "mean": 0.266811728477478,
        "std": 0.17049036920070648
    },
    "ThresholdBinaryF1Score(cutoff=0.5)": {
        "mean": 0.2649396061897278,
        "std": 0.15742653608322144
    },
    "PatchAccuracy(patch_size=16, cutoff=0.5)": {
        "mean": 0.7507151961326599,
        "std": 0.04123881831765175
    }
}